test-1	TRUE	FALSE
test-2	FALSE	TRUE
test-3	FALSE	TRUE
test-4	FALSE	TRUE
test-5	TRUE	FALSE
test-6	FALSE	TRUE
test-7	TRUE	FALSE
test-8	FALSE	TRUE
test-9	FALSE	TRUE
test-10	TRUE	FALSE
test-11	FALSE	TRUE
test-12	FALSE	TRUE
test-13	TRUE	FALSE
test-14	FALSE	TRUE
test-15	TRUE	FALSE
test-16	TRUE	FALSE
test-17	FALSE	TRUE
test-18	TRUE	FALSE
test-19	FALSE	TRUE
test-20	TRUE	FALSE
test-21	FALSE	TRUE
test-22	FALSE	TRUE
test-23	TRUE	FALSE
test-24	FALSE	TRUE
test-25	FALSE	TRUE
test-26	FALSE	TRUE
test-27	FALSE	FALSE
test-28	FALSE	TRUE
test-29	FALSE	TRUE
test-30	FALSE	TRUE
test-31	FALSE	TRUE
test-32	FALSE	TRUE
test-33	FALSE	TRUE
test-34	TRUE	FALSE
test-35	FALSE	TRUE
test-36	FALSE	TRUE
test-37	FALSE	TRUE
test-38	FALSE	FALSE
test-39	FALSE	TRUE
test-40	TRUE	FALSE
test-41	FALSE	TRUE
test-42	FALSE	TRUE
test-43	FALSE	TRUE
test-44	FALSE	TRUE
test-45	FALSE	TRUE
test-46	TRUE	FALSE
test-47	FALSE	TRUE
test-48	TRUE	FALSE
test-49	FALSE	TRUE
test-50	FALSE	TRUE
test-51	FALSE	FALSE
test-52	TRUE	FALSE
test-53	TRUE	FALSE
test-54	FALSE	TRUE
test-55	TRUE	FALSE
test-56	FALSE	FALSE
test-57	FALSE	TRUE
test-58	FALSE	TRUE
test-59	FALSE	TRUE
test-60	TRUE	FALSE
test-61	TRUE	FALSE
test-62	TRUE	FALSE
test-63	FALSE	TRUE
test-64	FALSE	TRUE
test-65	TRUE	FALSE
test-66	FALSE	TRUE
test-67	FALSE	TRUE
test-68	TRUE	FALSE
test-69	TRUE	FALSE
test-70	FALSE	TRUE
test-71	FALSE	TRUE
test-72	FALSE	TRUE
test-73	TRUE	FALSE
test-74	TRUE	FALSE
test-75	FALSE	TRUE
test-76	FALSE	TRUE
test-77	TRUE	FALSE
test-78	FALSE	TRUE
test-79	FALSE	TRUE
test-80	FALSE	TRUE
test-81	TRUE	TRUE
test-82	FALSE	TRUE
test-83	FALSE	TRUE
test-84	FALSE	TRUE
test-85	FALSE	TRUE
test-86	TRUE	FALSE
test-87	FALSE	TRUE
test-88	TRUE	FALSE
test-89	FALSE	TRUE
test-90	FALSE	TRUE
test-91	TRUE	FALSE
test-92	FALSE	TRUE
test-93	FALSE	TRUE
test-94	TRUE	FALSE
test-95	TRUE	FALSE
test-96	TRUE	FALSE
test-97	FALSE	TRUE
test-98	TRUE	FALSE
test-99	FALSE	TRUE
test-100	FALSE	TRUE
test-101	FALSE	TRUE
test-102	FALSE	TRUE
test-103	FALSE	TRUE
test-104	TRUE	FALSE
test-105	FALSE	TRUE
test-106	FALSE	TRUE
test-107	FALSE	TRUE
test-108	FALSE	TRUE
test-109	FALSE	TRUE
test-110	FALSE	TRUE
test-111	FALSE	TRUE
test-112	FALSE	TRUE
test-113	TRUE	TRUE
test-114	FALSE	TRUE
test-115	FALSE	TRUE
test-116	TRUE	FALSE
test-117	FALSE	TRUE
test-118	TRUE	FALSE
test-119	FALSE	TRUE
test-120	FALSE	TRUE
test-121	FALSE	TRUE
test-122	TRUE	FALSE
test-123	FALSE	TRUE
test-124	TRUE	FALSE
test-125	FALSE	TRUE
test-126	TRUE	FALSE
test-127	FALSE	TRUE
test-128	FALSE	TRUE
test-129	FALSE	TRUE
test-130	FALSE	TRUE
test-131	FALSE	TRUE
test-132	FALSE	TRUE
test-133	FALSE	TRUE
test-134	FALSE	TRUE
test-135	FALSE	TRUE
test-136	FALSE	TRUE
test-137	TRUE	FALSE
test-138	FALSE	TRUE
test-139	FALSE	TRUE
test-140	FALSE	TRUE
test-141	FALSE	TRUE
test-142	FALSE	TRUE
test-143	TRUE	FALSE
test-144	TRUE	FALSE
test-145	FALSE	TRUE
test-146	FALSE	FALSE
test-147	FALSE	TRUE
test-148	TRUE	FALSE
test-149	TRUE	FALSE
test-150	TRUE	FALSE
test-151	TRUE	FALSE
test-152	TRUE	FALSE
test-153	FALSE	TRUE
test-154	TRUE	FALSE
test-155	FALSE	TRUE
test-156	FALSE	TRUE
test-157	FALSE	TRUE
test-158	FALSE	TRUE
test-159	FALSE	TRUE
test-160	FALSE	TRUE
test-161	FALSE	TRUE
test-162	TRUE	FALSE
test-163	TRUE	FALSE
test-164	FALSE	TRUE
test-165	FALSE	TRUE
test-166	TRUE	FALSE
test-167	FALSE	TRUE
test-168	TRUE	FALSE
test-169	FALSE	TRUE
test-170	FALSE	TRUE
test-171	FALSE	TRUE
test-172	FALSE	TRUE
test-173	TRUE	FALSE
test-174	FALSE	TRUE
test-175	FALSE	TRUE
test-176	FALSE	TRUE
test-177	TRUE	FALSE
test-178	TRUE	FALSE
test-179	TRUE	FALSE
test-180	FALSE	TRUE
test-181	FALSE	TRUE
test-182	TRUE	FALSE
test-183	FALSE	TRUE
test-184	TRUE	FALSE
test-185	FALSE	TRUE
test-186	FALSE	TRUE
test-187	FALSE	TRUE
test-188	FALSE	TRUE
test-189	FALSE	TRUE
test-190	FALSE	TRUE
test-191	FALSE	FALSE
test-192	FALSE	TRUE
test-193	FALSE	TRUE
test-194	FALSE	TRUE
test-195	TRUE	TRUE
test-196	FALSE	TRUE
test-197	FALSE	TRUE
test-198	FALSE	TRUE
test-199	FALSE	TRUE
test-200	TRUE	FALSE
test-201	FALSE	TRUE
test-202	FALSE	TRUE
test-203	FALSE	TRUE
test-204	FALSE	TRUE
test-205	TRUE	FALSE
test-206	FALSE	TRUE
test-207	TRUE	FALSE
test-208	FALSE	TRUE
test-209	FALSE	TRUE
test-210	FALSE	TRUE
test-211	FALSE	TRUE
test-212	TRUE	FALSE
test-213	TRUE	FALSE
test-214	FALSE	TRUE
test-215	TRUE	FALSE
test-216	FALSE	TRUE
test-217	FALSE	TRUE
test-218	FALSE	TRUE
test-219	FALSE	TRUE
test-220	TRUE	FALSE
test-221	FALSE	TRUE
test-222	TRUE	FALSE
test-223	TRUE	FALSE
test-224	FALSE	TRUE
test-225	FALSE	TRUE
test-226	TRUE	FALSE
test-227	FALSE	TRUE
test-228	FALSE	TRUE
test-229	FALSE	TRUE
test-230	FALSE	TRUE
test-231	FALSE	TRUE
test-232	FALSE	TRUE
test-233	TRUE	FALSE
test-234	FALSE	TRUE
test-235	FALSE	TRUE
test-236	FALSE	FALSE
test-237	FALSE	TRUE
test-238	TRUE	FALSE
test-239	FALSE	TRUE
test-240	FALSE	TRUE
test-241	TRUE	FALSE
test-242	TRUE	FALSE
test-243	TRUE	FALSE
test-244	FALSE	TRUE
test-245	FALSE	TRUE
test-246	FALSE	TRUE
test-247	FALSE	TRUE
test-248	FALSE	TRUE
test-249	TRUE	FALSE
test-250	FALSE	TRUE
test-251	FALSE	TRUE
test-252	FALSE	TRUE
test-253	TRUE	FALSE
test-254	FALSE	TRUE
test-255	FALSE	TRUE
test-256	FALSE	TRUE
test-257	FALSE	TRUE
test-258	FALSE	TRUE
test-259	FALSE	TRUE
test-260	FALSE	TRUE
test-261	FALSE	TRUE
test-262	TRUE	FALSE
test-263	FALSE	TRUE
test-264	FALSE	TRUE
test-265	FALSE	TRUE
test-266	FALSE	TRUE
test-267	FALSE	TRUE
test-268	TRUE	FALSE
test-269	FALSE	TRUE
test-270	TRUE	FALSE
test-271	FALSE	TRUE
test-272	FALSE	TRUE
test-273	TRUE	FALSE
test-274	FALSE	TRUE
test-275	FALSE	TRUE
test-276	FALSE	TRUE
test-277	FALSE	TRUE
test-278	FALSE	TRUE
test-279	TRUE	FALSE
test-280	FALSE	TRUE
test-281	FALSE	TRUE
test-282	FALSE	TRUE
test-283	FALSE	TRUE
test-284	FALSE	TRUE
test-285	TRUE	FALSE
test-286	TRUE	FALSE
test-287	TRUE	FALSE
test-288	TRUE	FALSE
test-289	FALSE	TRUE
test-290	TRUE	FALSE
test-291	FALSE	TRUE
test-292	TRUE	FALSE
test-293	FALSE	TRUE
test-294	FALSE	TRUE
test-295	FALSE	TRUE
test-296	FALSE	TRUE
test-297	FALSE	FALSE
test-298	FALSE	TRUE
test-299	FALSE	TRUE
test-300	FALSE	TRUE
test-301	FALSE	TRUE
test-302	FALSE	TRUE
test-303	TRUE	FALSE
test-304	FALSE	TRUE
test-305	FALSE	TRUE
test-306	FALSE	TRUE
test-307	FALSE	TRUE
test-308	FALSE	TRUE
test-309	FALSE	TRUE
test-310	FALSE	TRUE
test-311	FALSE	TRUE
test-312	FALSE	TRUE
test-313	FALSE	TRUE
test-314	FALSE	TRUE
test-315	TRUE	FALSE
test-316	TRUE	FALSE
test-317	FALSE	TRUE
test-318	FALSE	TRUE
test-319	FALSE	TRUE
test-320	FALSE	TRUE
test-321	FALSE	TRUE
test-322	FALSE	TRUE
test-323	FALSE	TRUE
test-324	TRUE	FALSE
test-325	FALSE	TRUE
test-326	TRUE	FALSE
test-327	FALSE	TRUE
test-328	FALSE	TRUE
test-329	FALSE	TRUE
test-330	FALSE	FALSE
test-331	FALSE	TRUE
test-332	FALSE	TRUE
test-333	FALSE	TRUE
test-334	TRUE	FALSE
test-335	FALSE	TRUE
test-336	TRUE	FALSE
test-337	TRUE	FALSE
test-338	FALSE	FALSE
test-339	FALSE	TRUE
test-340	FALSE	TRUE
test-341	FALSE	TRUE
test-342	TRUE	FALSE
test-343	FALSE	TRUE
test-344	FALSE	TRUE
test-345	TRUE	TRUE
test-346	TRUE	FALSE
test-347	TRUE	FALSE
test-348	TRUE	TRUE
test-349	TRUE	FALSE
test-350	TRUE	FALSE
test-351	FALSE	TRUE
test-352	FALSE	FALSE
test-353	FALSE	FALSE
test-354	TRUE	FALSE
test-355	FALSE	TRUE
test-356	TRUE	TRUE
test-357	FALSE	TRUE
test-358	FALSE	TRUE
test-359	FALSE	TRUE
test-360	FALSE	TRUE
test-361	FALSE	TRUE
test-362	FALSE	TRUE
test-363	TRUE	FALSE
test-364	FALSE	TRUE
test-365	FALSE	TRUE
test-366	FALSE	TRUE
test-367	FALSE	TRUE
test-368	FALSE	TRUE
test-369	TRUE	FALSE
test-370	TRUE	FALSE
test-371	FALSE	TRUE
test-372	FALSE	TRUE
test-373	TRUE	FALSE
test-374	FALSE	TRUE
test-375	TRUE	FALSE
test-376	TRUE	FALSE
test-377	FALSE	TRUE
test-378	FALSE	TRUE
test-379	FALSE	TRUE
test-380	TRUE	FALSE
test-381	TRUE	FALSE
test-382	FALSE	TRUE
test-383	FALSE	TRUE
test-384	TRUE	FALSE
test-385	TRUE	FALSE
test-386	TRUE	FALSE
test-387	TRUE	FALSE
test-388	FALSE	TRUE
test-389	TRUE	FALSE
test-390	FALSE	TRUE
test-391	FALSE	TRUE
test-392	TRUE	FALSE
test-393	FALSE	TRUE
test-394	FALSE	TRUE
test-395	TRUE	FALSE
test-396	FALSE	TRUE
test-397	FALSE	TRUE
test-398	TRUE	FALSE
test-399	TRUE	FALSE
test-400	FALSE	TRUE
test-401	FALSE	TRUE
test-402	TRUE	FALSE
test-403	TRUE	FALSE
test-404	TRUE	FALSE
test-405	FALSE	TRUE
test-406	FALSE	TRUE
test-407	FALSE	TRUE
test-408	FALSE	TRUE
test-409	TRUE	FALSE
test-410	FALSE	TRUE
test-411	FALSE	TRUE
test-412	FALSE	TRUE
test-413	FALSE	TRUE
test-414	FALSE	TRUE
test-415	TRUE	FALSE
test-416	FALSE	TRUE
test-417	FALSE	TRUE
test-418	FALSE	TRUE
test-419	FALSE	TRUE
test-420	FALSE	TRUE
test-421	FALSE	TRUE
test-422	FALSE	TRUE
test-423	FALSE	TRUE
test-424	FALSE	TRUE
test-425	FALSE	TRUE
test-426	FALSE	TRUE
test-427	FALSE	TRUE
test-428	FALSE	TRUE
test-429	FALSE	TRUE
test-430	FALSE	TRUE
test-431	FALSE	TRUE
test-432	FALSE	TRUE
test-433	TRUE	FALSE
test-434	FALSE	TRUE
test-435	FALSE	TRUE
test-436	FALSE	TRUE
test-437	FALSE	FALSE
test-438	FALSE	TRUE
test-439	FALSE	TRUE
test-440	FALSE	TRUE
test-441	FALSE	TRUE
test-442	TRUE	FALSE
test-443	FALSE	TRUE
test-444	FALSE	TRUE
test-445	FALSE	TRUE
test-446	FALSE	TRUE
test-447	FALSE	TRUE
test-448	FALSE	TRUE
test-449	TRUE	FALSE
test-450	FALSE	TRUE
test-451	TRUE	FALSE
test-452	FALSE	TRUE
test-453	FALSE	TRUE
test-454	TRUE	FALSE
test-455	FALSE	TRUE
test-456	FALSE	TRUE
test-457	FALSE	TRUE
test-458	FALSE	TRUE
test-459	FALSE	FALSE
test-460	FALSE	TRUE
test-461	TRUE	FALSE
test-462	FALSE	TRUE
test-463	TRUE	FALSE
test-464	FALSE	TRUE
test-465	FALSE	TRUE
test-466	FALSE	TRUE
test-467	TRUE	FALSE
test-468	FALSE	TRUE
test-469	TRUE	FALSE
test-470	TRUE	FALSE
test-471	FALSE	TRUE
test-472	TRUE	FALSE
test-473	TRUE	FALSE
test-474	FALSE	TRUE
test-475	TRUE	FALSE
test-476	FALSE	TRUE
test-477	TRUE	FALSE
test-478	TRUE	FALSE
test-479	FALSE	TRUE
test-480	FALSE	TRUE
test-481	FALSE	TRUE
test-482	FALSE	TRUE
test-483	TRUE	FALSE
test-484	FALSE	TRUE
test-485	TRUE	FALSE
test-486	FALSE	TRUE
test-487	FALSE	TRUE
test-488	TRUE	FALSE
test-489	TRUE	FALSE
test-490	FALSE	TRUE
test-491	FALSE	TRUE
test-492	FALSE	TRUE
test-493	FALSE	TRUE
test-494	FALSE	TRUE
test-495	FALSE	TRUE
test-496	FALSE	FALSE
test-497	FALSE	TRUE
test-498	FALSE	TRUE
test-499	FALSE	TRUE
test-500	FALSE	TRUE
test-501	TRUE	FALSE
test-502	FALSE	TRUE
test-503	TRUE	FALSE
test-504	TRUE	FALSE
test-505	TRUE	FALSE
test-506	FALSE	TRUE
test-507	TRUE	FALSE
test-508	FALSE	TRUE
test-509	FALSE	TRUE
test-510	FALSE	TRUE
test-511	FALSE	TRUE
test-512	FALSE	TRUE
test-513	FALSE	TRUE
test-514	FALSE	TRUE
test-515	FALSE	TRUE
test-516	FALSE	TRUE
test-517	FALSE	TRUE
test-518	FALSE	TRUE
test-519	FALSE	TRUE
test-520	FALSE	TRUE
test-521	FALSE	TRUE
test-522	TRUE	FALSE
test-523	TRUE	FALSE
test-524	FALSE	TRUE
test-525	FALSE	TRUE
test-526	TRUE	FALSE
test-527	FALSE	TRUE
test-528	FALSE	TRUE
test-529	FALSE	TRUE
test-530	FALSE	TRUE
test-531	FALSE	TRUE
test-532	FALSE	FALSE
test-533	FALSE	TRUE
test-534	FALSE	TRUE
test-535	FALSE	TRUE
test-536	TRUE	FALSE
test-537	FALSE	TRUE
test-538	FALSE	TRUE
test-539	TRUE	FALSE
test-540	FALSE	TRUE
test-541	FALSE	TRUE
test-542	FALSE	TRUE
test-543	FALSE	TRUE
test-544	FALSE	TRUE
test-545	TRUE	FALSE
test-546	FALSE	TRUE
test-547	FALSE	TRUE
test-548	FALSE	TRUE
test-549	TRUE	FALSE
test-550	FALSE	TRUE
test-551	FALSE	TRUE
test-552	FALSE	TRUE
test-553	FALSE	TRUE
test-554	FALSE	TRUE
test-555	TRUE	FALSE
test-556	FALSE	TRUE
test-557	FALSE	TRUE
test-558	FALSE	TRUE
test-559	FALSE	TRUE
test-560	FALSE	TRUE
test-561	TRUE	FALSE
test-562	TRUE	FALSE
test-563	FALSE	TRUE
test-564	FALSE	TRUE
test-565	FALSE	TRUE
test-566	TRUE	FALSE
test-567	FALSE	TRUE
test-568	TRUE	FALSE
test-569	FALSE	TRUE
test-570	FALSE	TRUE
test-571	FALSE	TRUE
test-572	TRUE	FALSE
test-573	TRUE	TRUE
test-574	FALSE	TRUE
test-575	FALSE	TRUE
test-576	FALSE	TRUE
test-577	TRUE	FALSE
test-578	TRUE	FALSE
test-579	FALSE	TRUE
test-580	FALSE	TRUE
test-581	FALSE	TRUE
test-582	TRUE	FALSE
test-583	FALSE	TRUE
test-584	TRUE	FALSE
test-585	FALSE	TRUE
test-586	FALSE	TRUE
test-587	FALSE	TRUE
test-588	FALSE	TRUE
test-589	FALSE	TRUE
test-590	TRUE	FALSE
test-591	FALSE	TRUE
test-592	FALSE	TRUE
test-593	FALSE	TRUE
test-594	FALSE	TRUE
test-595	FALSE	TRUE
test-596	FALSE	TRUE
test-597	FALSE	TRUE
test-598	FALSE	TRUE
test-599	FALSE	TRUE
test-600	TRUE	FALSE
test-601	TRUE	FALSE
test-602	TRUE	FALSE
test-603	FALSE	TRUE
test-604	FALSE	TRUE
test-605	FALSE	TRUE
test-606	FALSE	TRUE
test-607	FALSE	TRUE
test-608	FALSE	TRUE
test-609	FALSE	TRUE
test-610	FALSE	TRUE
test-611	FALSE	TRUE
test-612	FALSE	TRUE
test-613	FALSE	TRUE
test-614	FALSE	TRUE
test-615	TRUE	FALSE
test-616	FALSE	TRUE
test-617	TRUE	FALSE
test-618	TRUE	FALSE
test-619	FALSE	FALSE
test-620	TRUE	FALSE
test-621	FALSE	TRUE
test-622	FALSE	TRUE
test-623	FALSE	TRUE
test-624	FALSE	TRUE
test-625	FALSE	TRUE
test-626	TRUE	FALSE
test-627	TRUE	FALSE
test-628	FALSE	TRUE
test-629	TRUE	FALSE
test-630	FALSE	TRUE
test-631	FALSE	TRUE
test-632	FALSE	TRUE
test-633	TRUE	FALSE
test-634	FALSE	TRUE
test-635	FALSE	FALSE
test-636	FALSE	TRUE
test-637	FALSE	TRUE
test-638	FALSE	TRUE
test-639	FALSE	TRUE
test-640	TRUE	FALSE
test-641	FALSE	TRUE
test-642	FALSE	TRUE
test-643	FALSE	TRUE
test-644	FALSE	TRUE
test-645	TRUE	FALSE
test-646	FALSE	TRUE
test-647	TRUE	FALSE
test-648	FALSE	TRUE
test-649	TRUE	FALSE
test-650	FALSE	TRUE
test-651	FALSE	TRUE
test-652	FALSE	TRUE
test-653	FALSE	TRUE
test-654	FALSE	TRUE
test-655	FALSE	TRUE
test-656	FALSE	TRUE
test-657	FALSE	TRUE
test-658	TRUE	FALSE
test-659	FALSE	TRUE
test-660	TRUE	FALSE
test-661	TRUE	FALSE
test-662	FALSE	FALSE
test-663	FALSE	TRUE
test-664	TRUE	FALSE
test-665	TRUE	FALSE
test-666	TRUE	FALSE
test-667	FALSE	TRUE
test-668	FALSE	TRUE
test-669	FALSE	TRUE
test-670	FALSE	TRUE
test-671	FALSE	TRUE
test-672	FALSE	TRUE
test-673	FALSE	TRUE
test-674	FALSE	TRUE
test-675	FALSE	TRUE
test-676	FALSE	TRUE
test-677	FALSE	FALSE
test-678	FALSE	TRUE
test-679	TRUE	FALSE
test-680	FALSE	TRUE
test-681	FALSE	TRUE
test-682	TRUE	FALSE
test-683	FALSE	TRUE
test-684	FALSE	TRUE
test-685	FALSE	TRUE
test-686	FALSE	TRUE
test-687	FALSE	TRUE
test-688	TRUE	FALSE
test-689	FALSE	TRUE
test-690	FALSE	TRUE
test-691	FALSE	TRUE
test-692	TRUE	FALSE
test-693	FALSE	FALSE
test-694	FALSE	TRUE
test-695	FALSE	TRUE
test-696	FALSE	TRUE
test-697	FALSE	TRUE
test-698	FALSE	TRUE
test-699	TRUE	FALSE
test-700	FALSE	TRUE
test-701	TRUE	FALSE
test-702	FALSE	TRUE
test-703	TRUE	FALSE
test-704	FALSE	TRUE
test-705	FALSE	TRUE
test-706	TRUE	FALSE
test-707	TRUE	FALSE
test-708	TRUE	FALSE
test-709	FALSE	TRUE
test-710	FALSE	TRUE
test-711	FALSE	FALSE
test-712	TRUE	FALSE
test-713	TRUE	FALSE
test-714	FALSE	TRUE
test-715	TRUE	FALSE
test-716	FALSE	TRUE
test-717	FALSE	TRUE
test-718	FALSE	TRUE
test-719	TRUE	FALSE
test-720	TRUE	FALSE
test-721	FALSE	TRUE
test-722	FALSE	TRUE
test-723	TRUE	FALSE
test-724	FALSE	TRUE
test-725	FALSE	TRUE
test-726	TRUE	FALSE
test-727	FALSE	TRUE
test-728	FALSE	TRUE
test-729	FALSE	FALSE
test-730	FALSE	TRUE
test-731	FALSE	TRUE
test-732	FALSE	TRUE
test-733	FALSE	TRUE
test-734	FALSE	TRUE
test-735	TRUE	FALSE
test-736	TRUE	FALSE
test-737	TRUE	FALSE
test-738	FALSE	TRUE
test-739	FALSE	TRUE
test-740	FALSE	TRUE
test-741	FALSE	TRUE
test-742	FALSE	TRUE
test-743	FALSE	TRUE
test-744	TRUE	FALSE
test-745	FALSE	TRUE
test-746	FALSE	TRUE
test-747	FALSE	TRUE
test-748	FALSE	TRUE
test-749	TRUE	FALSE
test-750	FALSE	TRUE
test-751	FALSE	TRUE
test-752	TRUE	FALSE
test-753	FALSE	TRUE
test-754	FALSE	TRUE
test-755	TRUE	FALSE
test-756	FALSE	TRUE
test-757	FALSE	TRUE
test-758	FALSE	TRUE
test-759	FALSE	TRUE
test-760	TRUE	FALSE
test-761	FALSE	TRUE
test-762	TRUE	FALSE
test-763	TRUE	FALSE
test-764	FALSE	TRUE
test-765	FALSE	TRUE
test-766	FALSE	TRUE
test-767	FALSE	TRUE
test-768	TRUE	FALSE
test-769	FALSE	TRUE
test-770	TRUE	FALSE
test-771	TRUE	FALSE
test-772	FALSE	TRUE
test-773	FALSE	TRUE
test-774	FALSE	TRUE
test-775	FALSE	TRUE
test-776	FALSE	TRUE
test-777	TRUE	FALSE
test-778	TRUE	FALSE
test-779	TRUE	FALSE
test-780	FALSE	TRUE
test-781	FALSE	TRUE
test-782	TRUE	FALSE
test-783	FALSE	TRUE
test-784	FALSE	TRUE
test-785	FALSE	TRUE
test-786	TRUE	FALSE
test-787	FALSE	TRUE
test-788	FALSE	TRUE
test-789	FALSE	TRUE
test-790	FALSE	TRUE
test-791	FALSE	TRUE
test-792	TRUE	FALSE
test-793	FALSE	TRUE
test-794	FALSE	TRUE
test-795	FALSE	TRUE
test-796	TRUE	FALSE
test-797	FALSE	TRUE
test-798	FALSE	TRUE
test-799	FALSE	TRUE
test-800	FALSE	TRUE
test-801	FALSE	TRUE
test-802	FALSE	TRUE
test-803	TRUE	FALSE
test-804	TRUE	FALSE
test-805	FALSE	TRUE
test-806	FALSE	TRUE
test-807	FALSE	TRUE
test-808	FALSE	TRUE
test-809	FALSE	TRUE
test-810	TRUE	TRUE
test-811	FALSE	TRUE
test-812	FALSE	TRUE
test-813	TRUE	FALSE
test-814	FALSE	TRUE
test-815	TRUE	FALSE
test-816	FALSE	TRUE
test-817	TRUE	FALSE
test-818	TRUE	FALSE
test-819	FALSE	TRUE
test-820	FALSE	TRUE
test-821	FALSE	TRUE
test-822	TRUE	FALSE
test-823	FALSE	TRUE
test-824	TRUE	FALSE
test-825	FALSE	TRUE
test-826	FALSE	TRUE
test-827	FALSE	TRUE
test-828	TRUE	FALSE
test-829	TRUE	FALSE
test-830	FALSE	TRUE
test-831	FALSE	TRUE
test-832	TRUE	FALSE
test-833	FALSE	TRUE
test-834	FALSE	TRUE
test-835	FALSE	TRUE
test-836	TRUE	FALSE
test-837	FALSE	TRUE
test-838	FALSE	TRUE
test-839	FALSE	TRUE
test-840	TRUE	FALSE
test-841	TRUE	TRUE
test-842	FALSE	TRUE
test-843	TRUE	FALSE
test-844	FALSE	TRUE
test-845	FALSE	TRUE
test-846	FALSE	TRUE
test-847	FALSE	TRUE
test-848	FALSE	TRUE
test-849	FALSE	TRUE
test-850	FALSE	TRUE
test-851	FALSE	TRUE
test-852	TRUE	FALSE
test-853	TRUE	FALSE
test-854	FALSE	TRUE
test-855	FALSE	TRUE
test-856	TRUE	FALSE
test-857	TRUE	FALSE
test-858	FALSE	TRUE
test-859	FALSE	TRUE
test-860	FALSE	TRUE
test-861	FALSE	TRUE
test-862	FALSE	TRUE
test-863	FALSE	TRUE
test-864	TRUE	FALSE
test-865	FALSE	TRUE
test-866	FALSE	TRUE
test-867	FALSE	TRUE
test-868	FALSE	TRUE
test-869	FALSE	TRUE
test-870	FALSE	TRUE
test-871	FALSE	TRUE
test-872	FALSE	FALSE
test-873	FALSE	TRUE
test-874	FALSE	TRUE
test-875	TRUE	FALSE
test-876	FALSE	TRUE
test-877	FALSE	TRUE
test-878	FALSE	TRUE
test-879	TRUE	FALSE
test-880	TRUE	FALSE
test-881	FALSE	TRUE
test-882	FALSE	TRUE
test-883	FALSE	TRUE
test-884	FALSE	TRUE
test-885	FALSE	TRUE
test-886	FALSE	TRUE
test-887	TRUE	FALSE
test-888	FALSE	TRUE
test-889	FALSE	TRUE
test-890	FALSE	TRUE
test-891	FALSE	TRUE
test-892	FALSE	TRUE
test-893	FALSE	TRUE
test-894	FALSE	TRUE
test-895	FALSE	FALSE
test-896	FALSE	TRUE
test-897	TRUE	FALSE
test-898	FALSE	TRUE
test-899	FALSE	TRUE
test-900	TRUE	FALSE
test-901	FALSE	TRUE
test-902	FALSE	TRUE
test-903	TRUE	FALSE
test-904	FALSE	TRUE
test-905	FALSE	TRUE
test-906	TRUE	FALSE
test-907	FALSE	TRUE
test-908	FALSE	TRUE
test-909	FALSE	FALSE
test-910	TRUE	FALSE
test-911	FALSE	TRUE
test-912	FALSE	TRUE
test-913	FALSE	TRUE
test-914	FALSE	TRUE
test-915	FALSE	TRUE
test-916	TRUE	FALSE
test-917	FALSE	TRUE
test-918	FALSE	TRUE
test-919	FALSE	TRUE
test-920	FALSE	TRUE
test-921	FALSE	TRUE
test-922	FALSE	TRUE
test-923	FALSE	TRUE
test-924	FALSE	TRUE
test-925	TRUE	FALSE
test-926	FALSE	TRUE
test-927	FALSE	TRUE
test-928	FALSE	TRUE
test-929	FALSE	TRUE
test-930	FALSE	TRUE
test-931	TRUE	FALSE
test-932	FALSE	TRUE
test-933	FALSE	TRUE
test-934	FALSE	TRUE
test-935	FALSE	TRUE
test-936	FALSE	TRUE
test-937	TRUE	FALSE
test-938	FALSE	TRUE
test-939	FALSE	TRUE
test-940	TRUE	FALSE
test-941	FALSE	TRUE
test-942	FALSE	TRUE
test-943	FALSE	TRUE
test-944	TRUE	FALSE
test-945	FALSE	TRUE
test-946	FALSE	TRUE
test-947	TRUE	FALSE
test-948	FALSE	TRUE
test-949	TRUE	FALSE
test-950	FALSE	TRUE
test-951	FALSE	TRUE
test-952	FALSE	TRUE
test-953	FALSE	TRUE
test-954	TRUE	FALSE
test-955	FALSE	TRUE
test-956	FALSE	TRUE
test-957	FALSE	TRUE
test-958	TRUE	FALSE
test-959	TRUE	FALSE
test-960	FALSE	TRUE
test-961	FALSE	TRUE
test-962	FALSE	TRUE
test-963	TRUE	FALSE
test-964	FALSE	TRUE
test-965	FALSE	TRUE
test-966	TRUE	FALSE
test-967	FALSE	TRUE
test-968	TRUE	FALSE
test-969	TRUE	FALSE
test-970	TRUE	FALSE
test-971	TRUE	TRUE
test-972	TRUE	TRUE
test-973	TRUE	FALSE
test-974	FALSE	TRUE
test-975	FALSE	TRUE
test-976	TRUE	FALSE
test-977	FALSE	TRUE
test-978	FALSE	TRUE
test-979	FALSE	TRUE
test-980	FALSE	TRUE
test-981	FALSE	TRUE
test-982	TRUE	FALSE
test-983	FALSE	TRUE
test-984	FALSE	TRUE
test-985	TRUE	FALSE
test-986	FALSE	TRUE
test-987	FALSE	TRUE
test-988	FALSE	TRUE
test-989	FALSE	TRUE
test-990	FALSE	TRUE
test-991	FALSE	TRUE
test-992	TRUE	FALSE
test-993	FALSE	TRUE
test-994	FALSE	TRUE
test-995	TRUE	FALSE
test-996	TRUE	FALSE
test-997	FALSE	TRUE
test-998	FALSE	TRUE
test-999	FALSE	TRUE
test-1000	FALSE	TRUE
test-1001	FALSE	TRUE
test-1002	FALSE	TRUE
test-1003	TRUE	FALSE
test-1004	FALSE	TRUE
test-1005	TRUE	FALSE
test-1006	TRUE	FALSE
test-1007	FALSE	TRUE
test-1008	FALSE	TRUE
test-1009	FALSE	TRUE
test-1010	FALSE	TRUE
test-1011	FALSE	FALSE
test-1012	TRUE	FALSE
test-1013	FALSE	TRUE
test-1014	FALSE	TRUE
test-1015	FALSE	TRUE
test-1016	FALSE	TRUE
test-1017	FALSE	FALSE
test-1018	FALSE	TRUE
test-1019	TRUE	FALSE
test-1020	FALSE	TRUE
test-1021	TRUE	FALSE
test-1022	FALSE	TRUE
test-1023	TRUE	FALSE
test-1024	FALSE	TRUE
test-1025	TRUE	FALSE
test-1026	FALSE	TRUE
test-1027	FALSE	TRUE
test-1028	FALSE	TRUE
test-1029	TRUE	FALSE
test-1030	TRUE	FALSE
test-1031	FALSE	TRUE
test-1032	TRUE	FALSE
test-1033	TRUE	FALSE
test-1034	TRUE	FALSE
test-1035	FALSE	TRUE
test-1036	FALSE	TRUE
test-1037	TRUE	FALSE
test-1038	FALSE	TRUE
test-1039	TRUE	FALSE
test-1040	FALSE	TRUE
test-1041	FALSE	TRUE
test-1042	FALSE	TRUE
test-1043	FALSE	TRUE
test-1044	FALSE	TRUE
test-1045	FALSE	TRUE
test-1046	FALSE	TRUE
test-1047	FALSE	TRUE
test-1048	FALSE	TRUE
test-1049	FALSE	TRUE
test-1050	FALSE	TRUE
test-1051	TRUE	FALSE
test-1052	TRUE	FALSE
test-1053	FALSE	TRUE
test-1054	FALSE	TRUE
test-1055	FALSE	TRUE
test-1056	FALSE	TRUE
test-1057	FALSE	TRUE
test-1058	TRUE	FALSE
test-1059	TRUE	FALSE
test-1060	TRUE	FALSE
test-1061	TRUE	FALSE
test-1062	TRUE	FALSE
test-1063	FALSE	TRUE
test-1064	TRUE	FALSE
test-1065	TRUE	FALSE
test-1066	TRUE	FALSE
test-1067	FALSE	TRUE
test-1068	FALSE	TRUE
test-1069	FALSE	TRUE
test-1070	FALSE	TRUE
test-1071	FALSE	TRUE
test-1072	TRUE	FALSE
test-1073	TRUE	FALSE
test-1074	FALSE	TRUE
test-1075	TRUE	FALSE
test-1076	FALSE	TRUE
test-1077	TRUE	FALSE
test-1078	FALSE	TRUE
test-1079	FALSE	TRUE
test-1080	FALSE	TRUE
test-1081	FALSE	TRUE
test-1082	FALSE	TRUE
test-1083	FALSE	TRUE
test-1084	FALSE	TRUE
test-1085	FALSE	TRUE
test-1086	TRUE	FALSE
test-1087	FALSE	TRUE
test-1088	TRUE	FALSE
test-1089	FALSE	TRUE
test-1090	TRUE	FALSE
test-1091	TRUE	FALSE
test-1092	FALSE	TRUE
test-1093	FALSE	TRUE
test-1094	FALSE	TRUE
test-1095	FALSE	TRUE
test-1096	FALSE	TRUE
test-1097	TRUE	FALSE
test-1098	FALSE	TRUE
test-1099	TRUE	FALSE
test-1100	FALSE	TRUE
test-1101	FALSE	TRUE
test-1102	TRUE	FALSE
test-1103	FALSE	TRUE
test-1104	FALSE	TRUE
test-1105	FALSE	FALSE
test-1106	FALSE	TRUE
test-1107	FALSE	TRUE
test-1108	FALSE	TRUE
test-1109	FALSE	TRUE
test-1110	FALSE	TRUE
test-1111	FALSE	FALSE
test-1112	TRUE	FALSE
test-1113	TRUE	FALSE
test-1114	TRUE	FALSE
test-1115	TRUE	FALSE
test-1116	FALSE	TRUE
test-1117	TRUE	FALSE
test-1118	FALSE	TRUE
test-1119	TRUE	FALSE
test-1120	FALSE	TRUE
test-1121	TRUE	FALSE
test-1122	FALSE	TRUE
test-1123	TRUE	FALSE
test-1124	FALSE	TRUE
test-1125	FALSE	TRUE
test-1126	FALSE	TRUE
test-1127	FALSE	TRUE
test-1128	FALSE	TRUE
test-1129	FALSE	TRUE
test-1130	TRUE	FALSE
test-1131	FALSE	TRUE
test-1132	TRUE	FALSE
test-1133	FALSE	TRUE
test-1134	FALSE	TRUE
test-1135	FALSE	TRUE
test-1136	FALSE	TRUE
test-1137	TRUE	FALSE
test-1138	FALSE	TRUE
test-1139	FALSE	TRUE
test-1140	FALSE	TRUE
test-1141	FALSE	TRUE
test-1142	FALSE	FALSE
test-1143	FALSE	TRUE
test-1144	FALSE	TRUE
test-1145	FALSE	TRUE
test-1146	FALSE	TRUE
test-1147	FALSE	TRUE
test-1148	TRUE	FALSE
test-1149	FALSE	TRUE
test-1150	TRUE	FALSE
test-1151	FALSE	TRUE
test-1152	TRUE	FALSE
test-1153	TRUE	FALSE
test-1154	FALSE	TRUE
test-1155	FALSE	TRUE
test-1156	TRUE	FALSE
test-1157	FALSE	TRUE
test-1158	FALSE	TRUE
test-1159	FALSE	TRUE
test-1160	TRUE	FALSE
test-1161	FALSE	FALSE
test-1162	TRUE	FALSE
test-1163	FALSE	TRUE
test-1164	TRUE	FALSE
test-1165	TRUE	FALSE
test-1166	FALSE	TRUE
test-1167	TRUE	FALSE
test-1168	FALSE	TRUE
test-1169	TRUE	FALSE
test-1170	FALSE	TRUE
test-1171	FALSE	TRUE
test-1172	FALSE	TRUE
test-1173	TRUE	FALSE
test-1174	TRUE	FALSE
test-1175	TRUE	FALSE
test-1176	FALSE	TRUE
test-1177	FALSE	TRUE
test-1178	FALSE	TRUE
test-1179	TRUE	FALSE
test-1180	TRUE	FALSE
test-1181	FALSE	TRUE
test-1182	TRUE	FALSE
test-1183	TRUE	FALSE
test-1184	TRUE	FALSE
test-1185	FALSE	TRUE
test-1186	FALSE	TRUE
test-1187	FALSE	FALSE
test-1188	FALSE	TRUE
test-1189	FALSE	TRUE
test-1190	TRUE	FALSE
test-1191	FALSE	TRUE
test-1192	FALSE	TRUE
test-1193	FALSE	TRUE
test-1194	FALSE	FALSE
test-1195	FALSE	TRUE
test-1196	TRUE	FALSE
test-1197	FALSE	TRUE
test-1198	FALSE	TRUE
test-1199	TRUE	FALSE
test-1200	TRUE	FALSE
test-1201	FALSE	TRUE
test-1202	FALSE	TRUE
test-1203	FALSE	TRUE
test-1204	TRUE	FALSE
test-1205	FALSE	TRUE
test-1206	FALSE	TRUE
test-1207	FALSE	TRUE
test-1208	FALSE	TRUE
test-1209	TRUE	FALSE
test-1210	FALSE	TRUE
test-1211	FALSE	TRUE
test-1212	FALSE	TRUE
test-1213	TRUE	FALSE
test-1214	TRUE	FALSE
test-1215	FALSE	TRUE
test-1216	FALSE	TRUE
test-1217	FALSE	TRUE
test-1218	FALSE	TRUE
test-1219	FALSE	TRUE
test-1220	TRUE	FALSE
test-1221	FALSE	TRUE
test-1222	TRUE	FALSE
test-1223	FALSE	TRUE
test-1224	TRUE	FALSE
test-1225	FALSE	TRUE
test-1226	TRUE	FALSE
test-1227	TRUE	FALSE
test-1228	TRUE	FALSE
test-1229	TRUE	TRUE
test-1230	TRUE	FALSE
test-1231	FALSE	TRUE
test-1232	FALSE	TRUE
test-1233	TRUE	FALSE
test-1234	TRUE	FALSE
test-1235	FALSE	TRUE
test-1236	FALSE	TRUE
test-1237	FALSE	TRUE
test-1238	TRUE	FALSE
test-1239	FALSE	FALSE
test-1240	TRUE	FALSE
test-1241	FALSE	TRUE
test-1242	FALSE	TRUE
test-1243	FALSE	TRUE
test-1244	TRUE	FALSE
test-1245	FALSE	FALSE
test-1246	FALSE	TRUE
test-1247	FALSE	TRUE
test-1248	FALSE	TRUE
test-1249	FALSE	TRUE
test-1250	FALSE	TRUE
test-1251	FALSE	TRUE
test-1252	FALSE	TRUE
test-1253	FALSE	TRUE
test-1254	FALSE	TRUE
test-1255	FALSE	TRUE
test-1256	FALSE	TRUE
test-1257	FALSE	TRUE
test-1258	TRUE	FALSE
test-1259	FALSE	TRUE
test-1260	FALSE	TRUE
test-1261	TRUE	FALSE
test-1262	TRUE	FALSE
test-1263	FALSE	FALSE
test-1264	TRUE	FALSE
test-1265	FALSE	FALSE
test-1266	TRUE	FALSE
test-1267	FALSE	TRUE
test-1268	FALSE	TRUE
test-1269	FALSE	TRUE
test-1270	TRUE	FALSE
test-1271	FALSE	TRUE
test-1272	FALSE	TRUE
test-1273	FALSE	TRUE
test-1274	FALSE	TRUE
test-1275	FALSE	TRUE
test-1276	TRUE	FALSE
test-1277	TRUE	FALSE
test-1278	TRUE	FALSE
test-1279	FALSE	TRUE
test-1280	FALSE	TRUE
test-1281	FALSE	TRUE
test-1282	FALSE	TRUE
test-1283	FALSE	TRUE
test-1284	FALSE	TRUE
test-1285	FALSE	TRUE
test-1286	TRUE	FALSE
test-1287	FALSE	TRUE
test-1288	FALSE	TRUE
test-1289	FALSE	TRUE
test-1290	FALSE	TRUE
test-1291	FALSE	TRUE
test-1292	FALSE	TRUE
test-1293	FALSE	TRUE
test-1294	FALSE	TRUE
test-1295	FALSE	TRUE
test-1296	FALSE	TRUE
test-1297	FALSE	TRUE
test-1298	FALSE	TRUE
test-1299	TRUE	FALSE
test-1300	FALSE	TRUE
test-1301	FALSE	TRUE
test-1302	TRUE	FALSE
test-1303	FALSE	TRUE
test-1304	FALSE	TRUE
test-1305	FALSE	TRUE
test-1306	TRUE	FALSE
test-1307	TRUE	FALSE
test-1308	TRUE	FALSE
test-1309	FALSE	TRUE
test-1310	FALSE	TRUE
test-1311	FALSE	FALSE
test-1312	FALSE	TRUE
test-1313	FALSE	TRUE
test-1314	FALSE	TRUE
test-1315	FALSE	TRUE
test-1316	FALSE	TRUE
test-1317	FALSE	TRUE
test-1318	TRUE	FALSE
test-1319	FALSE	TRUE
test-1320	FALSE	TRUE
test-1321	FALSE	TRUE
test-1322	FALSE	TRUE
test-1323	FALSE	TRUE
test-1324	FALSE	TRUE
test-1325	TRUE	FALSE
test-1326	FALSE	TRUE
test-1327	FALSE	TRUE
test-1328	TRUE	FALSE
test-1329	TRUE	FALSE
test-1330	FALSE	TRUE
test-1331	TRUE	FALSE
test-1332	FALSE	TRUE
test-1333	FALSE	TRUE
test-1334	FALSE	TRUE
test-1335	FALSE	TRUE
test-1336	TRUE	FALSE
test-1337	TRUE	FALSE
test-1338	FALSE	TRUE
test-1339	FALSE	FALSE
test-1340	FALSE	TRUE
test-1341	FALSE	TRUE
test-1342	TRUE	FALSE
test-1343	FALSE	TRUE
test-1344	FALSE	TRUE
test-1345	FALSE	TRUE
test-1346	FALSE	TRUE
test-1347	FALSE	TRUE
test-1348	FALSE	TRUE
test-1349	FALSE	TRUE
test-1350	FALSE	TRUE
test-1351	FALSE	TRUE
test-1352	FALSE	TRUE
test-1353	FALSE	TRUE
test-1354	FALSE	TRUE
test-1355	FALSE	TRUE
test-1356	TRUE	FALSE
test-1357	FALSE	TRUE
test-1358	TRUE	FALSE
test-1359	FALSE	FALSE
test-1360	FALSE	TRUE
test-1361	FALSE	TRUE
test-1362	FALSE	TRUE
test-1363	TRUE	FALSE
test-1364	FALSE	TRUE
test-1365	TRUE	FALSE
test-1366	FALSE	TRUE
test-1367	FALSE	TRUE
test-1368	FALSE	TRUE
test-1369	TRUE	FALSE
test-1370	TRUE	FALSE
test-1371	FALSE	TRUE
test-1372	TRUE	FALSE
test-1373	FALSE	TRUE
test-1374	FALSE	TRUE
test-1375	FALSE	TRUE
test-1376	FALSE	TRUE
test-1377	FALSE	TRUE
test-1378	FALSE	TRUE
test-1379	FALSE	FALSE
test-1380	FALSE	TRUE
test-1381	FALSE	TRUE
test-1382	FALSE	TRUE
test-1383	FALSE	TRUE
test-1384	FALSE	TRUE
test-1385	FALSE	TRUE
test-1386	FALSE	TRUE
test-1387	TRUE	FALSE
test-1388	TRUE	TRUE
test-1389	FALSE	TRUE
test-1390	FALSE	TRUE
test-1391	TRUE	FALSE
test-1392	FALSE	TRUE
test-1393	FALSE	TRUE
test-1394	FALSE	TRUE
test-1395	TRUE	FALSE
test-1396	TRUE	FALSE
test-1397	FALSE	FALSE
test-1398	FALSE	TRUE
test-1399	FALSE	TRUE
test-1400	FALSE	TRUE
test-1401	FALSE	TRUE
test-1402	FALSE	TRUE
test-1403	FALSE	TRUE
test-1404	FALSE	TRUE
test-1405	FALSE	FALSE
test-1406	FALSE	TRUE
test-1407	FALSE	TRUE
test-1408	TRUE	FALSE
test-1409	TRUE	FALSE
test-1410	FALSE	TRUE
test-1411	FALSE	TRUE
test-1412	FALSE	TRUE
test-1413	FALSE	TRUE
test-1414	FALSE	TRUE
test-1415	FALSE	TRUE
test-1416	TRUE	FALSE
test-1417	TRUE	FALSE
test-1418	FALSE	TRUE
test-1419	FALSE	TRUE
test-1420	FALSE	TRUE
test-1421	TRUE	FALSE
test-1422	FALSE	TRUE
test-1423	FALSE	TRUE
test-1424	FALSE	TRUE
test-1425	FALSE	TRUE
test-1426	FALSE	TRUE
test-1427	FALSE	TRUE
test-1428	FALSE	TRUE
test-1429	FALSE	TRUE
test-1430	FALSE	TRUE
test-1431	TRUE	TRUE
test-1432	TRUE	FALSE
test-1433	TRUE	FALSE
test-1434	TRUE	FALSE
test-1435	TRUE	FALSE
test-1436	FALSE	TRUE
test-1437	FALSE	TRUE
test-1438	FALSE	TRUE
test-1439	FALSE	TRUE
test-1440	FALSE	TRUE
test-1441	FALSE	TRUE
test-1442	TRUE	FALSE
test-1443	FALSE	TRUE
test-1444	FALSE	TRUE
test-1445	FALSE	TRUE
test-1446	FALSE	TRUE
test-1447	FALSE	TRUE
test-1448	FALSE	TRUE
test-1449	FALSE	TRUE
test-1450	FALSE	TRUE
test-1451	TRUE	TRUE
test-1452	FALSE	TRUE
test-1453	FALSE	TRUE
test-1454	FALSE	TRUE
test-1455	TRUE	FALSE
test-1456	FALSE	TRUE
test-1457	FALSE	TRUE
test-1458	FALSE	TRUE
test-1459	FALSE	TRUE
test-1460	FALSE	TRUE
test-1461	FALSE	TRUE
test-1462	FALSE	TRUE
test-1463	FALSE	TRUE
test-1464	FALSE	TRUE
test-1465	FALSE	TRUE
test-1466	FALSE	TRUE
test-1467	FALSE	TRUE
test-1468	FALSE	TRUE
test-1469	FALSE	TRUE
test-1470	FALSE	TRUE
test-1471	FALSE	TRUE
test-1472	FALSE	TRUE
test-1473	TRUE	FALSE
test-1474	TRUE	FALSE
test-1475	TRUE	FALSE
test-1476	FALSE	TRUE
test-1477	FALSE	TRUE
test-1478	TRUE	FALSE
test-1479	TRUE	FALSE
test-1480	TRUE	FALSE
test-1481	TRUE	TRUE
test-1482	FALSE	TRUE
test-1483	FALSE	TRUE
test-1484	FALSE	TRUE
test-1485	FALSE	TRUE
test-1486	FALSE	TRUE
test-1487	FALSE	TRUE
test-1488	FALSE	TRUE
test-1489	TRUE	FALSE
test-1490	FALSE	TRUE
test-1491	FALSE	TRUE
test-1492	FALSE	TRUE
test-1493	TRUE	FALSE
test-1494	FALSE	TRUE
test-1495	FALSE	TRUE
test-1496	FALSE	TRUE
test-1497	FALSE	TRUE
test-1498	FALSE	TRUE
test-1499	FALSE	FALSE
test-1500	FALSE	TRUE
test-1501	FALSE	TRUE
test-1502	FALSE	TRUE
test-1503	FALSE	TRUE
test-1504	FALSE	TRUE
test-1505	FALSE	TRUE
test-1506	FALSE	TRUE
test-1507	TRUE	FALSE
test-1508	TRUE	FALSE
test-1509	TRUE	FALSE
test-1510	FALSE	TRUE
test-1511	FALSE	TRUE
test-1512	FALSE	TRUE
test-1513	TRUE	FALSE
test-1514	TRUE	FALSE
test-1515	FALSE	TRUE
test-1516	FALSE	TRUE
test-1517	TRUE	FALSE
test-1518	TRUE	FALSE
test-1519	FALSE	TRUE
test-1520	TRUE	FALSE
test-1521	FALSE	TRUE
test-1522	FALSE	TRUE
test-1523	FALSE	TRUE
test-1524	TRUE	FALSE
test-1525	FALSE	FALSE
test-1526	FALSE	TRUE
test-1527	FALSE	TRUE
test-1528	FALSE	TRUE
test-1529	TRUE	FALSE
test-1530	FALSE	TRUE
test-1531	FALSE	TRUE
test-1532	FALSE	TRUE
test-1533	FALSE	TRUE
test-1534	TRUE	FALSE
test-1535	FALSE	TRUE
test-1536	FALSE	TRUE
test-1537	FALSE	TRUE
test-1538	TRUE	FALSE
test-1539	FALSE	TRUE
test-1540	FALSE	TRUE
test-1541	TRUE	FALSE
test-1542	FALSE	TRUE
test-1543	FALSE	TRUE
test-1544	FALSE	TRUE
test-1545	FALSE	TRUE
test-1546	FALSE	TRUE
test-1547	TRUE	FALSE
test-1548	FALSE	TRUE
test-1549	FALSE	TRUE
test-1550	FALSE	TRUE
test-1551	FALSE	TRUE
test-1552	TRUE	FALSE
test-1553	TRUE	FALSE
test-1554	FALSE	TRUE
test-1555	TRUE	FALSE
test-1556	FALSE	TRUE
test-1557	FALSE	TRUE
test-1558	FALSE	TRUE
test-1559	FALSE	TRUE
test-1560	TRUE	FALSE
test-1561	FALSE	TRUE
test-1562	FALSE	TRUE
test-1563	TRUE	FALSE
test-1564	FALSE	TRUE
test-1565	FALSE	TRUE
test-1566	FALSE	TRUE
test-1567	FALSE	TRUE
test-1568	FALSE	TRUE
test-1569	FALSE	TRUE
test-1570	FALSE	TRUE
test-1571	FALSE	TRUE
test-1572	TRUE	FALSE
test-1573	FALSE	TRUE
test-1574	FALSE	TRUE
test-1575	FALSE	TRUE
test-1576	FALSE	TRUE
test-1577	FALSE	TRUE
test-1578	TRUE	FALSE
test-1579	FALSE	TRUE
test-1580	TRUE	FALSE
test-1581	FALSE	TRUE
test-1582	TRUE	FALSE
test-1583	FALSE	TRUE
test-1584	FALSE	FALSE
test-1585	FALSE	TRUE
test-1586	FALSE	TRUE
test-1587	FALSE	TRUE
test-1588	FALSE	TRUE
test-1589	FALSE	TRUE
test-1590	FALSE	TRUE
test-1591	FALSE	TRUE
test-1592	TRUE	FALSE
test-1593	TRUE	FALSE
test-1594	FALSE	TRUE
test-1595	FALSE	TRUE
test-1596	FALSE	TRUE
test-1597	FALSE	TRUE
test-1598	TRUE	FALSE
test-1599	TRUE	FALSE
test-1600	FALSE	TRUE
test-1601	FALSE	TRUE
test-1602	TRUE	FALSE
test-1603	FALSE	TRUE
test-1604	TRUE	FALSE
test-1605	FALSE	TRUE
test-1606	FALSE	TRUE
test-1607	FALSE	TRUE
test-1608	FALSE	TRUE
test-1609	FALSE	TRUE
test-1610	TRUE	FALSE
test-1611	FALSE	TRUE
test-1612	TRUE	FALSE
test-1613	FALSE	TRUE
test-1614	TRUE	FALSE
test-1615	FALSE	TRUE
test-1616	FALSE	TRUE
test-1617	TRUE	FALSE
test-1618	FALSE	TRUE
test-1619	FALSE	FALSE
test-1620	FALSE	TRUE
test-1621	FALSE	TRUE
test-1622	TRUE	FALSE
test-1623	FALSE	TRUE
test-1624	TRUE	FALSE
test-1625	TRUE	FALSE
test-1626	TRUE	FALSE
test-1627	FALSE	FALSE
test-1628	TRUE	FALSE
test-1629	FALSE	TRUE
test-1630	FALSE	TRUE
test-1631	FALSE	TRUE
test-1632	TRUE	FALSE
test-1633	FALSE	TRUE
test-1634	TRUE	FALSE
test-1635	FALSE	TRUE
test-1636	FALSE	TRUE
test-1637	FALSE	TRUE
test-1638	TRUE	FALSE
test-1639	FALSE	TRUE
test-1640	FALSE	TRUE
test-1641	FALSE	TRUE
test-1642	TRUE	TRUE
test-1643	TRUE	FALSE
test-1644	TRUE	TRUE
test-1645	FALSE	TRUE
test-1646	FALSE	TRUE
test-1647	FALSE	TRUE
test-1648	FALSE	TRUE
test-1649	FALSE	TRUE
test-1650	TRUE	FALSE
test-1651	FALSE	TRUE
test-1652	TRUE	FALSE
test-1653	FALSE	TRUE
test-1654	FALSE	TRUE
test-1655	TRUE	FALSE
test-1656	FALSE	TRUE
test-1657	FALSE	TRUE
test-1658	FALSE	TRUE
test-1659	TRUE	FALSE
test-1660	TRUE	FALSE
test-1661	FALSE	TRUE
test-1662	TRUE	FALSE
test-1663	FALSE	TRUE
test-1664	FALSE	TRUE
test-1665	TRUE	FALSE
test-1666	FALSE	TRUE
test-1667	TRUE	FALSE
test-1668	FALSE	FALSE
test-1669	TRUE	FALSE
test-1670	FALSE	TRUE
test-1671	TRUE	FALSE
test-1672	TRUE	FALSE
test-1673	FALSE	TRUE
test-1674	FALSE	TRUE
test-1675	FALSE	TRUE
test-1676	FALSE	TRUE
test-1677	FALSE	TRUE
test-1678	FALSE	TRUE
test-1679	FALSE	TRUE
test-1680	FALSE	TRUE
test-1681	FALSE	TRUE
test-1682	FALSE	TRUE
test-1683	TRUE	FALSE
test-1684	TRUE	FALSE
test-1685	FALSE	TRUE
test-1686	FALSE	TRUE
test-1687	FALSE	TRUE
test-1688	FALSE	TRUE
test-1689	FALSE	TRUE
test-1690	FALSE	TRUE
test-1691	FALSE	TRUE
test-1692	TRUE	FALSE
test-1693	FALSE	TRUE
test-1694	TRUE	FALSE
test-1695	FALSE	TRUE
test-1696	TRUE	FALSE
test-1697	FALSE	TRUE
test-1698	FALSE	TRUE
test-1699	TRUE	FALSE
test-1700	FALSE	TRUE
test-1701	TRUE	FALSE
test-1702	FALSE	TRUE
test-1703	FALSE	TRUE
test-1704	FALSE	TRUE
test-1705	FALSE	TRUE
test-1706	TRUE	FALSE
test-1707	FALSE	TRUE
test-1708	FALSE	TRUE
test-1709	FALSE	TRUE
test-1710	FALSE	TRUE
test-1711	FALSE	TRUE
test-1712	FALSE	TRUE
test-1713	TRUE	FALSE
test-1714	FALSE	TRUE
test-1715	FALSE	TRUE
test-1716	FALSE	TRUE
test-1717	FALSE	TRUE
test-1718	TRUE	FALSE
test-1719	FALSE	TRUE
test-1720	FALSE	TRUE
test-1721	FALSE	TRUE
test-1722	FALSE	TRUE
test-1723	FALSE	FALSE
test-1724	TRUE	FALSE
test-1725	FALSE	TRUE
test-1726	FALSE	TRUE
test-1727	TRUE	FALSE
test-1728	FALSE	TRUE
test-1729	TRUE	FALSE
test-1730	TRUE	FALSE
test-1731	FALSE	TRUE
test-1732	FALSE	TRUE
test-1733	FALSE	TRUE
test-1734	FALSE	TRUE
test-1735	FALSE	FALSE
test-1736	FALSE	TRUE
test-1737	FALSE	FALSE
test-1738	FALSE	TRUE
test-1739	TRUE	FALSE
test-1740	FALSE	TRUE
test-1741	TRUE	FALSE
test-1742	TRUE	FALSE
test-1743	FALSE	TRUE
test-1744	FALSE	TRUE
test-1745	FALSE	TRUE
test-1746	TRUE	FALSE
test-1747	FALSE	TRUE
test-1748	FALSE	TRUE
test-1749	FALSE	TRUE
test-1750	FALSE	TRUE
test-1751	FALSE	TRUE
test-1752	FALSE	TRUE
test-1753	TRUE	FALSE
test-1754	FALSE	TRUE
test-1755	FALSE	TRUE
test-1756	TRUE	FALSE
test-1757	FALSE	TRUE
test-1758	TRUE	FALSE
test-1759	FALSE	TRUE
test-1760	FALSE	TRUE
test-1761	TRUE	FALSE
test-1762	FALSE	TRUE
test-1763	FALSE	TRUE
test-1764	FALSE	TRUE
test-1765	FALSE	TRUE
test-1766	FALSE	TRUE
test-1767	FALSE	FALSE
test-1768	FALSE	TRUE
test-1769	FALSE	FALSE
test-1770	FALSE	TRUE
test-1771	FALSE	TRUE
test-1772	FALSE	TRUE
test-1773	FALSE	TRUE
test-1774	TRUE	FALSE
test-1775	FALSE	TRUE
test-1776	FALSE	FALSE
test-1777	TRUE	FALSE
test-1778	FALSE	TRUE
test-1779	FALSE	TRUE
test-1780	FALSE	TRUE
test-1781	FALSE	TRUE
test-1782	FALSE	TRUE
test-1783	TRUE	FALSE
test-1784	TRUE	FALSE
test-1785	FALSE	TRUE
test-1786	TRUE	FALSE
test-1787	TRUE	FALSE
test-1788	FALSE	TRUE
test-1789	FALSE	TRUE
test-1790	FALSE	TRUE
test-1791	FALSE	TRUE
test-1792	FALSE	TRUE
test-1793	FALSE	TRUE
test-1794	FALSE	TRUE
test-1795	FALSE	TRUE
test-1796	FALSE	FALSE
test-1797	FALSE	TRUE
test-1798	FALSE	TRUE
test-1799	TRUE	FALSE
test-1800	FALSE	TRUE
test-1801	FALSE	FALSE
test-1802	FALSE	TRUE
test-1803	FALSE	TRUE
test-1804	TRUE	FALSE
test-1805	TRUE	FALSE
test-1806	TRUE	FALSE
test-1807	TRUE	FALSE
test-1808	FALSE	TRUE
test-1809	TRUE	FALSE
test-1810	FALSE	TRUE
test-1811	FALSE	TRUE
test-1812	FALSE	TRUE
test-1813	TRUE	FALSE
test-1814	FALSE	TRUE
test-1815	TRUE	FALSE
test-1816	FALSE	TRUE
test-1817	FALSE	TRUE
test-1818	FALSE	TRUE
test-1819	FALSE	TRUE
test-1820	FALSE	TRUE
test-1821	FALSE	TRUE
test-1822	FALSE	TRUE
test-1823	FALSE	TRUE
test-1824	FALSE	TRUE
test-1825	TRUE	FALSE
test-1826	TRUE	FALSE
test-1827	FALSE	TRUE
test-1828	FALSE	TRUE
test-1829	FALSE	TRUE
test-1830	FALSE	TRUE
test-1831	TRUE	FALSE
test-1832	FALSE	TRUE
test-1833	TRUE	FALSE
test-1834	FALSE	TRUE
test-1835	FALSE	TRUE
test-1836	FALSE	TRUE
test-1837	FALSE	FALSE
test-1838	TRUE	FALSE
test-1839	FALSE	FALSE
test-1840	FALSE	TRUE
test-1841	FALSE	TRUE
test-1842	TRUE	FALSE
test-1843	FALSE	TRUE
test-1844	FALSE	TRUE
test-1845	FALSE	TRUE
test-1846	FALSE	TRUE
test-1847	FALSE	TRUE
test-1848	FALSE	TRUE
test-1849	FALSE	TRUE
test-1850	TRUE	FALSE
test-1851	FALSE	TRUE
test-1852	FALSE	TRUE
test-1853	TRUE	FALSE
test-1854	TRUE	FALSE
test-1855	TRUE	FALSE
test-1856	FALSE	FALSE
test-1857	FALSE	TRUE
test-1858	FALSE	TRUE
test-1859	TRUE	FALSE
test-1860	TRUE	FALSE
test-1861	TRUE	FALSE
test-1862	FALSE	TRUE
test-1863	FALSE	FALSE
test-1864	FALSE	TRUE
test-1865	FALSE	TRUE
test-1866	FALSE	TRUE
test-1867	FALSE	TRUE
test-1868	FALSE	TRUE
test-1869	FALSE	TRUE
test-1870	FALSE	TRUE
test-1871	TRUE	FALSE
test-1872	FALSE	TRUE
test-1873	FALSE	TRUE
test-1874	TRUE	FALSE
test-1875	FALSE	FALSE
test-1876	FALSE	TRUE
test-1877	FALSE	TRUE
test-1878	FALSE	TRUE
test-1879	TRUE	FALSE
test-1880	FALSE	TRUE
test-1881	FALSE	TRUE
test-1882	FALSE	TRUE
test-1883	TRUE	FALSE
test-1884	FALSE	FALSE
test-1885	TRUE	FALSE
test-1886	FALSE	TRUE
test-1887	FALSE	TRUE
test-1888	TRUE	FALSE
test-1889	FALSE	TRUE
test-1890	TRUE	FALSE
test-1891	FALSE	TRUE
test-1892	TRUE	FALSE
test-1893	TRUE	FALSE
test-1894	TRUE	FALSE
test-1895	TRUE	FALSE
test-1896	TRUE	FALSE
test-1897	FALSE	TRUE
test-1898	FALSE	TRUE
test-1899	TRUE	FALSE
test-1900	FALSE	TRUE
test-1901	FALSE	TRUE
test-1902	FALSE	TRUE
test-1903	FALSE	TRUE
test-1904	FALSE	TRUE
test-1905	FALSE	TRUE
test-1906	FALSE	TRUE
test-1907	TRUE	FALSE
test-1908	FALSE	TRUE
test-1909	FALSE	TRUE
test-1910	TRUE	FALSE
test-1911	FALSE	TRUE
test-1912	TRUE	FALSE
test-1913	TRUE	FALSE
test-1914	FALSE	TRUE
test-1915	TRUE	FALSE
test-1916	FALSE	TRUE
test-1917	TRUE	FALSE
test-1918	FALSE	FALSE
test-1919	FALSE	TRUE
test-1920	TRUE	FALSE
test-1921	FALSE	TRUE
test-1922	FALSE	TRUE
test-1923	FALSE	TRUE
test-1924	FALSE	TRUE
test-1925	FALSE	TRUE
test-1926	FALSE	FALSE
test-1927	FALSE	TRUE
test-1928	TRUE	FALSE
test-1929	TRUE	FALSE
test-1930	FALSE	TRUE
test-1931	FALSE	TRUE
test-1932	FALSE	TRUE
test-1933	FALSE	TRUE
test-1934	FALSE	TRUE
test-1935	TRUE	FALSE
test-1936	FALSE	TRUE
test-1937	TRUE	FALSE
test-1938	FALSE	FALSE
test-1939	TRUE	FALSE
test-1940	TRUE	FALSE
test-1941	FALSE	TRUE
test-1942	TRUE	FALSE
test-1943	FALSE	TRUE
test-1944	FALSE	FALSE
test-1945	FALSE	TRUE
test-1946	FALSE	TRUE
test-1947	FALSE	TRUE
test-1948	FALSE	TRUE
test-1949	FALSE	TRUE
test-1950	FALSE	TRUE
test-1951	FALSE	TRUE
test-1952	FALSE	TRUE
test-1953	TRUE	FALSE
test-1954	FALSE	TRUE
test-1955	FALSE	TRUE
test-1956	FALSE	TRUE
test-1957	FALSE	TRUE
test-1958	FALSE	TRUE
test-1959	FALSE	TRUE
test-1960	FALSE	TRUE
test-1961	FALSE	FALSE
test-1962	FALSE	FALSE
test-1963	FALSE	TRUE
test-1964	FALSE	TRUE
test-1965	TRUE	FALSE
test-1966	FALSE	TRUE
test-1967	FALSE	TRUE
test-1968	FALSE	TRUE
test-1969	FALSE	TRUE
test-1970	FALSE	TRUE
test-1971	FALSE	TRUE
test-1972	FALSE	TRUE
test-1973	FALSE	TRUE
test-1974	FALSE	TRUE
test-1975	FALSE	TRUE
test-1976	FALSE	TRUE
test-1977	TRUE	FALSE
test-1978	TRUE	FALSE
test-1979	TRUE	FALSE
test-1980	TRUE	FALSE
test-1981	FALSE	TRUE
test-1982	TRUE	FALSE
test-1983	FALSE	TRUE
test-1984	FALSE	TRUE
test-1985	FALSE	TRUE
test-1986	FALSE	TRUE
test-1987	FALSE	TRUE
test-1988	FALSE	TRUE
test-1989	FALSE	TRUE
test-1990	FALSE	TRUE
test-1991	FALSE	TRUE
test-1992	FALSE	TRUE
test-1993	FALSE	TRUE
test-1994	TRUE	FALSE
test-1995	FALSE	TRUE
test-1996	TRUE	FALSE
test-1997	FALSE	TRUE
test-1998	FALSE	TRUE
test-1999	TRUE	FALSE
test-2000	FALSE	TRUE
